<?xml version="1.0" encoding="UTF-8"?>
<metadata xml:lang="en"><Esri><CreaDate>20140923</CreaDate><CreaTime>07013900</CreaTime><ArcGISFormat>1.0</ArcGISFormat><SyncOnce>TRUE</SyncOnce><DataProperties><lineage><Process ToolSource="c:\arcgis\desktop10.1\ArcToolbox\Toolboxes\Conversion Tools.tbx\RasterToPolygon" Date="20140923" Time="070139">RasterToPolygon D:/PICCC_analysis/FB_analysis/habitat_analysis/veg_overlay/current_veg_mask/Akekee_current_veg_mask_int.tif D:\PICCC_analysis\FB_analysis\habitat_analysis\veg_overlay\current_veg_mask\Akekee_current_veg_mask.shp NO_SIMPLIFY Value</Process></lineage></DataProperties></Esri></metadata>
