Species,rasterdir,rasterset,endemic,current_rasterdir,Kauai,Oahu,Molokai,Lanai,Maui,Hawaii
Akekee,Kauai Endemics,70m,y,Kauai Endemics_100m,1,0,0,0,0,0
Akiapolauu,Hawaii Endemics,100m,y,Hawaii Endemics_100m,0,0,0,0,0,1
Akikiki,Kauai Endemics,70m,y,Kauai Endemics_100m,1,0,0,0,0,0
Akohekohe,Maui Endemics,100m,y,Maui Endemics_100m,0,0,0,0,1,0
Anianiau,Kauai Endemics,70m,y,Kauai Endemics_100m,1,0,0,0,0,0
Apapane,Apapane_Iiwi,70m,n,Apapane_Iiwi_100m,1,1,1,1,1,1
Hawaii_Akepa,Hawaii Endemics,70m,y,Hawaii Endemics_100m,0,0,0,0,0,1
Hawaii_Creeper,Hawaii Endemics,70m,y,Hawaii Endemics_100m,0,0,0,0,0,1
Hawaii_Elepaio,Hawaii Endemics,70m,y,Hawaii Endemics_100m,0,0,0,0,0,1
Iiwi,Apapane_Iiwi,70m,n,Apapane_Iiwi_100m,1,1,1,1,1,1
Kauai_Amakihi,Kauai Endemics,70m,y,Kauai Endemics_100m,1,0,0,0,0,0
Kauai_Elepaio,Kauai Endemics,70m,y,Kauai Endemics_100m,1,0,0,0,0,0
Maui_Alauahio,Maui Endemics,70m,y,Maui Endemics_100m,0,0,0,0,1,0
Maui_Parrotbill,Maui Endemics,100m,y,Maui Endemics_100m,0,0,0,0,1,0
Oahu_Amakihi,Oahu Endemics,70m,y,Oahu Endemics_100m,0,1,0,0,0,0
Oahu_Elepaio,Oahu Endemics,70m,y,Oahu Endemics_100m,0,1,0,0,0,0
Omao,Hawaii Endemics,100m,y,Hawaii Endemics_100m,0,0,0,0,0,1
Palila,Hawaii Endemics,100m,y,Hawaii Endemics_100m,0,0,0,0,0,1
Puaiohi,Kauai Endemics,100m,y,Kauai Endemics_100m,1,0,0,0,0,0
Hawaii_Amakihi,Hawaii Amakihi,70m,n,Hawaii Endemics_100m,0,0,1,1,1,1
Amakihi,Apapane_Iiwi,70m,n,Apapane_Iiwi_100m,1,1,1,1,1,1
Elepaio,Elepaio,70m,n,Elepaio_100m,1,1,0,0,0,1
