<PAMDataset>
  <Metadata>
    <MDI key="DataType">Generic</MDI>
  </Metadata>
  <Metadata domain="Esri">
    <MDI key="PyramidResamplingType">NEAREST</MDI>
  </Metadata>
  <PAMRasterBand band="1">
    <Histograms>
      <HistItem>
        <HistMin>395.3202212423086</HistMin>
        <HistMax>10168.10326175005</HistMax>
        <BucketCount>256</BucketCount>
        <IncludeOutOfRange>1</IncludeOutOfRange>
        <Approximate>0</Approximate>
        <HistCounts>52|61|78|95|136|103|120|119|102|68|61|58|55|53|61|60|68|91|111|102|103|89|92|73|88|79|91|79|78|77|66|72|61|64|58|63|57|60|66|56|63|58|61|52|40|57|48|42|35|60|38|42|48|40|33|49|36|37|49|34|44|32|31|46|20|38|31|35|33|28|26|46|23|30|23|38|32|29|25|33|29|22|32|31|22|25|30|29|27|30|21|29|35|26|31|32|27|29|30|25|25|23|17|18|15|11|16|11|9|19|13|11|10|6|12|7|9|10|8|9|13|5|4|7|9|4|8|5|7|7|8|5|6|6|3|4|1|5|5|5|5|2|2|2|3|5|6|4|4|2|0|5|4|2|2|6|2|3|1|3|0|0|2|2|5|3|4|1|3|3|1|1|0|4|3|2|2|1|2|1|1|2|3|0|0|2|2|2|2|2|0|1|2|3|0|1|3|2|0|1|1|1|0|2|1|0|1|1|4|0|1|1|2|0|0|1|2|0|1|0|0|0|3|1|0|1|0|2|0|2|0|0|0|0|0|1|1|0|1|1|0|0|1|0|0|0|1|1|0|0|0|0|0|0|1|0</HistCounts>
      </HistItem>
    </Histograms>
    <Metadata>
      <MDI key="STATISTICS_MINIMUM">395.32022124231</MDI>
      <MDI key="STATISTICS_MAXIMUM">10168.10326175</MDI>
      <MDI key="STATISTICS_MEAN">2197.5712636857</MDI>
      <MDI key="STATISTICS_STDDEV">1512.6570216089</MDI>
      <MDI key="STATISTICS_COVARIANCES">2288131.26502274</MDI>
    </Metadata>
  </PAMRasterBand>
</PAMDataset>
