<PAMDataset>
  <Metadata>
    <MDI key="DataType">Generic</MDI>
  </Metadata>
  <Metadata domain="Esri">
    <MDI key="PyramidResamplingType">NEAREST</MDI>
  </Metadata>
  <PAMRasterBand band="1">
    <Histograms>
      <HistItem>
        <HistMin>13.06035826628389</HistMin>
        <HistMax>26.674785235814</HistMax>
        <BucketCount>256</BucketCount>
        <IncludeOutOfRange>1</IncludeOutOfRange>
        <Approximate>0</Approximate>
        <HistCounts>1|0|0|0|1|1|0|2|1|1|1|0|1|0|1|2|1|1|1|1|0|2|1|0|1|1|0|0|0|0|2|1|2|2|0|2|1|1|0|1|1|1|2|1|0|1|1|5|2|2|0|0|2|1|3|2|2|1|1|4|6|1|5|2|3|5|2|13|3|4|7|3|3|8|6|5|6|5|6|12|5|9|8|12|6|8|8|12|16|10|11|12|12|12|9|14|14|11|16|14|16|10|15|13|8|21|16|15|10|14|15|11|20|13|12|11|13|19|12|17|11|5|9|11|15|21|5|19|9|12|16|15|16|12|15|18|20|22|7|16|8|22|19|19|19|27|16|19|16|20|21|28|14|23|21|26|21|21|26|19|28|19|17|25|35|21|18|21|27|15|28|24|27|20|27|24|24|30|30|35|27|23|33|30|35|30|35|23|30|35|29|28|39|36|36|39|29|38|34|39|39|65|41|59|36|46|57|53|58|53|45|57|48|45|45|71|58|60|61|54|73|55|74|60|62|76|58|76|78|86|80|75|87|95|84|76|81|53|71|58|72|67|61|99|79|54|42|37|33|33|44|56|41|36|41|1</HistCounts>
      </HistItem>
    </Histograms>
    <Metadata>
      <MDI key="STATISTICS_MINIMUM">13.060358266284</MDI>
      <MDI key="STATISTICS_MAXIMUM">26.674785235814</MDI>
      <MDI key="STATISTICS_MEAN">23.359167495917</MDI>
      <MDI key="STATISTICS_STDDEV">2.6429869132778</MDI>
      <MDI key="STATISTICS_COVARIANCES">6.98537982375781</MDI>
    </Metadata>
  </PAMRasterBand>
</PAMDataset>
