<PAMDataset>
  <Metadata>
    <MDI key="DataType">Generic</MDI>
  </Metadata>
  <Metadata domain="Esri">
    <MDI key="PyramidResamplingType">NEAREST</MDI>
  </Metadata>
  <PAMRasterBand band="1">
    <Histograms>
      <HistItem>
        <HistMin>12.48391798065053</HistMin>
        <HistMax>97.04037197302183</HistMax>
        <BucketCount>256</BucketCount>
        <IncludeOutOfRange>1</IncludeOutOfRange>
        <Approximate>0</Approximate>
        <HistCounts>5|19|16|45|56|85|94|95|90|73|80|68|74|59|61|54|47|50|67|62|70|82|62|57|57|45|44|41|48|65|70|57|58|53|50|50|38|55|39|39|54|51|48|37|36|47|47|36|42|45|29|44|39|25|34|29|33|36|31|29|27|34|32|31|25|29|34|26|35|20|23|35|21|27|19|25|31|20|25|16|23|19|25|18|24|17|19|25|16|14|31|20|21|27|9|16|15|21|15|19|12|17|15|21|14|8|6|6|7|9|4|4|4|7|6|3|10|3|3|8|4|7|9|7|2|7|2|8|2|12|6|5|10|7|5|9|5|6|5|9|6|9|5|5|6|10|6|7|3|3|6|3|9|2|9|6|7|4|10|12|14|9|11|5|14|13|8|10|18|12|20|18|21|29|23|21|15|23|11|15|12|15|7|11|11|7|9|5|11|9|8|9|8|8|9|10|14|19|25|13|19|24|24|19|16|16|17|28|18|20|22|26|9|25|22|23|15|23|20|16|22|16|18|16|21|21|14|20|19|20|13|15|16|16|23|17|15|13|13|13|16|10|10|16|15|9|15|6|6|2|4|2|3|3|3|1</HistCounts>
      </HistItem>
    </Histograms>
    <Metadata>
      <MDI key="STATISTICS_MINIMUM">12.483917980651</MDI>
      <MDI key="STATISTICS_MAXIMUM">97.040371973022</MDI>
      <MDI key="STATISTICS_MEAN">40.85666036788</MDI>
      <MDI key="STATISTICS_STDDEV">25.187773291286</MDI>
      <MDI key="STATISTICS_COVARIANCES">634.423923373198</MDI>
    </Metadata>
  </PAMRasterBand>
</PAMDataset>
