<PAMDataset>
  <Metadata>
    <MDI key="DataType">Generic</MDI>
  </Metadata>
  <Metadata domain="Esri">
    <MDI key="PyramidResamplingType">NEAREST</MDI>
  </Metadata>
  <PAMRasterBand band="1">
    <Histograms>
      <HistItem>
        <HistMin>8.412363186305125</HistMin>
        <HistMax>13.47606631347847</HistMax>
        <BucketCount>256</BucketCount>
        <IncludeOutOfRange>1</IncludeOutOfRange>
        <Approximate>0</Approximate>
        <HistCounts>1|0|0|0|0|0|1|0|0|2|2|0|0|0|0|1|2|1|0|0|0|1|1|2|4|2|1|1|1|1|3|1|1|1|2|0|2|1|0|2|1|1|1|3|2|1|0|0|2|4|3|1|1|3|2|1|4|3|3|7|5|2|5|6|2|1|2|6|4|1|7|3|5|5|10|3|5|3|9|7|6|5|9|7|9|3|8|4|9|8|7|12|11|7|6|9|6|7|9|11|11|10|12|11|8|13|11|11|14|13|9|18|15|12|14|16|10|15|19|16|19|15|13|16|17|14|22|19|15|17|16|22|27|16|24|26|19|24|21|21|25|22|18|21|33|22|29|23|31|34|37|45|32|58|48|50|45|51|46|48|33|57|43|37|43|39|39|51|42|36|42|37|44|46|55|63|53|63|62|53|60|55|61|65|79|67|72|71|75|68|87|102|89|81|77|77|103|95|95|109|74|59|60|54|75|98|61|41|35|15|24|29|23|16|5|13|18|25|26|25|30|29|27|15|26|39|24|20|30|26|18|21|31|31|19|21|25|24|35|35|32|44|23|20|23|18|20|18|24|18|16|12|11|5|1|1</HistCounts>
      </HistItem>
    </Histograms>
    <Metadata>
      <MDI key="STATISTICS_MINIMUM">8.4123631863051</MDI>
      <MDI key="STATISTICS_MAXIMUM">13.476066313478</MDI>
      <MDI key="STATISTICS_MEAN">11.92825633168</MDI>
      <MDI key="STATISTICS_STDDEV">0.83151885766413</MDI>
      <MDI key="STATISTICS_COVARIANCES">0.691423610651067</MDI>
    </Metadata>
  </PAMRasterBand>
</PAMDataset>
