<?xml version="1.0" encoding="UTF-8"?>
<metadata xml:lang="en"><Esri><CreaDate>20141002</CreaDate><CreaTime>11090200</CreaTime><ArcGISFormat>1.0</ArcGISFormat><SyncOnce>FALSE</SyncOnce><DataProperties><itemProps><itemName Sync="TRUE">bio7.tif</itemName><itemLocation><linkage Sync="TRUE">file://Y:\PICCC_analysis\FB_analysis\example_data\clim_data\all_future\500m\ka_clip\bio7.tif</linkage><protocol Sync="TRUE">Local Area Network</protocol></itemLocation><imsContentType Sync="TRUE">002</imsContentType><nativeExtBox><westBL Sync="TRUE">-159.829988</westBL><eastBL Sync="TRUE">-159.226460</eastBL><southBL Sync="TRUE">21.841227</southBL><northBL Sync="TRUE">22.270297</northBL><exTypeCode Sync="TRUE">1</exTypeCode></nativeExtBox></itemProps><coordRef><type Sync="TRUE">Geographic</type><geogcsn Sync="TRUE">GCS_WGS_1984</geogcsn><csUnits Sync="TRUE">Angular Unit: Degree (0.017453)</csUnits><peXml Sync="TRUE">&lt;GeographicCoordinateSystem xsi:type='typens:GeographicCoordinateSystem' xmlns:xsi='http://www.w3.org/2001/XMLSchema-instance' xmlns:xs='http://www.w3.org/2001/XMLSchema' xmlns:typens='http://www.esri.com/schemas/ArcGIS/10.1'&gt;&lt;WKT&gt;GEOGCS[&amp;quot;GCS_WGS_1984&amp;quot;,DATUM[&amp;quot;D_WGS_1984&amp;quot;,SPHEROID[&amp;quot;WGS_1984&amp;quot;,6378137.0,298.257223563]],PRIMEM[&amp;quot;Greenwich&amp;quot;,0.0],UNIT[&amp;quot;Degree&amp;quot;,0.0174532925199433],AUTHORITY[&amp;quot;EPSG&amp;quot;,4326]]&lt;/WKT&gt;&lt;XOrigin&gt;-400&lt;/XOrigin&gt;&lt;YOrigin&gt;-400&lt;/YOrigin&gt;&lt;XYScale&gt;11258999068426.238&lt;/XYScale&gt;&lt;ZOrigin&gt;-100000&lt;/ZOrigin&gt;&lt;ZScale&gt;10000&lt;/ZScale&gt;&lt;MOrigin&gt;-100000&lt;/MOrigin&gt;&lt;MScale&gt;10000&lt;/MScale&gt;&lt;XYTolerance&gt;8.983152841195215e-009&lt;/XYTolerance&gt;&lt;ZTolerance&gt;0.001&lt;/ZTolerance&gt;&lt;MTolerance&gt;0.001&lt;/MTolerance&gt;&lt;HighPrecision&gt;true&lt;/HighPrecision&gt;&lt;LeftLongitude&gt;-180&lt;/LeftLongitude&gt;&lt;WKID&gt;4326&lt;/WKID&gt;&lt;LatestWKID&gt;4326&lt;/LatestWKID&gt;&lt;/GeographicCoordinateSystem&gt;</peXml></coordRef><RasterProperties><General><PixelDepth Sync="TRUE">64</PixelDepth><HasColormap Sync="TRUE">FALSE</HasColormap><CompressionType Sync="TRUE">LZW</CompressionType><NumBands Sync="TRUE">1</NumBands><Format Sync="TRUE">TIFF</Format><HasPyramids Sync="TRUE">TRUE</HasPyramids><SourceType Sync="TRUE">continuous</SourceType><PixelType Sync="TRUE">double precision</PixelType><NoDataValue Sync="TRUE">0</NoDataValue></General></RasterProperties><lineage><Process ToolSource="c:\arcgis\desktop10.1\ArcToolbox\Toolboxes\Data Management Tools.tbx\Clip" Date="20141002" Time="110902">Clip Y:/PICCC_analysis/FB_analysis/example_data/clim_data/all_future/500m/bio7.tif "-159.827630465779 21.8435843846032 -159.228817996428 22.2679396778297" Y:\PICCC_analysis\FB_analysis\example_data\clim_data\all_future\500m\ka_clip\bio7.tif "Y:/PICCC_analysis/FB_analysis/example_data/necessary_run_data/map_crop/Kauai Endemics.tif" 0 NONE</Process></lineage></DataProperties><SyncDate>20141002</SyncDate><SyncTime>11090200</SyncTime><ModDate>20141002</ModDate><ModTime>11090200</ModTime></Esri><dataIdInfo><envirDesc Sync="TRUE">Microsoft Windows 7 Version 6.1 (Build 7601) Service Pack 1; Esri ArcGIS 10.1.1.3143</envirDesc><dataLang><languageCode value="eng" Sync="TRUE"></languageCode><countryCode value="USA" Sync="TRUE"></countryCode></dataLang><idCitation><resTitle Sync="TRUE">bio7.tif</resTitle><presForm><PresFormCd value="005" Sync="TRUE"></PresFormCd></presForm></idCitation><spatRpType><SpatRepTypCd value="002" Sync="TRUE"></SpatRepTypCd></spatRpType><dataExt><geoEle><GeoBndBox esriExtentType="search"><exTypeCode Sync="TRUE">1</exTypeCode><westBL Sync="TRUE">-159.829988</westBL><eastBL Sync="TRUE">-159.226460</eastBL><northBL Sync="TRUE">22.270297</northBL><southBL Sync="TRUE">21.841227</southBL></GeoBndBox></geoEle></dataExt></dataIdInfo><mdLang><languageCode value="eng" Sync="TRUE"></languageCode><countryCode value="USA" Sync="TRUE"></countryCode></mdLang><mdChar><CharSetCd value="004" Sync="TRUE"></CharSetCd></mdChar><distInfo><distFormat><formatName Sync="TRUE">Raster Dataset</formatName></distFormat></distInfo><mdHrLv><ScopeCd value="005" Sync="TRUE"></ScopeCd></mdHrLv><mdHrLvName Sync="TRUE">dataset</mdHrLvName><refSysInfo><RefSystem><refSysID><identCode code="4326" Sync="TRUE"></identCode><idCodeSpace Sync="TRUE">EPSG</idCodeSpace><idVersion Sync="TRUE">7.11.2</idVersion></refSysID></RefSystem></refSysInfo><spatRepInfo><Georect><cellGeo><CellGeoCd Sync="TRUE" value="002"></CellGeoCd></cellGeo><numDims Sync="TRUE">2</numDims><tranParaAv Sync="TRUE">1</tranParaAv><chkPtAv Sync="TRUE">0</chkPtAv><cornerPts><pos Sync="TRUE">-159.829988 21.841227</pos></cornerPts><cornerPts><pos Sync="TRUE">-159.829988 22.270297</pos></cornerPts><cornerPts><pos Sync="TRUE">-159.226460 22.270297</pos></cornerPts><cornerPts><pos Sync="TRUE">-159.226460 21.841227</pos></cornerPts><centerPt><pos Sync="TRUE">-159.528224 22.055762</pos></centerPt><axisDimension type="002"><dimSize Sync="TRUE">128</dimSize><dimResol><value Sync="TRUE" uom="Degree">0.004715</value></dimResol></axisDimension><axisDimension type="001"><dimSize Sync="TRUE">91</dimSize><dimResol><value Sync="TRUE" uom="Degree">0.004715</value></dimResol></axisDimension><ptInPixel><PixOrientCd Sync="TRUE" value="001"></PixOrientCd></ptInPixel></Georect></spatRepInfo><contInfo><ImgDesc><contentTyp><ContentTypCd Sync="TRUE" value="001"></ContentTypCd></contentTyp><covDim><Band><dimDescrp Sync="TRUE">Band_1</dimDescrp><bitsPerVal Sync="TRUE">64</bitsPerVal><valUnit><UOM type="length"></UOM></valUnit></Band></covDim></ImgDesc></contInfo><mdDateSt Sync="TRUE">20141002</mdDateSt></metadata>
