<?xml version="1.0"?>
<metadata xml:lang="en"><Esri><CreaDate>20140115</CreaDate><CreaTime>10134200</CreaTime><SyncOnce>FALSE</SyncOnce><DataProperties><lineage><Process Name="Create Feature Class" ToolSource="C:\Program Files\ArcGIS\ArcToolbox\Toolboxes\Data Management Tools.tbx\CreateFeatureclass" Date="20060322" Time="144903">CreateFeatureclass D:\NAD83\Reserve\Reserve.mdb\Reserve allreserve3 # allreserve2_Layer SAME_AS_TEMPLATE SAME_AS_TEMPLATE "PROJCS['NAD_1983_UTM_Zone_4N',GEOGCS['GCS_North_American_1983',DATUM['D_North_American_1983',SPHEROID['GRS_1980',6378137.0,298.257222101]],PRIMEM['Greenwich',0.0],UNIT['Degree',0.0174532925199433]],PROJECTION['Transverse_Mercator'],PARAMETER['False_Easting',500000.0],PARAMETER['False_Northing',0.0],PARAMETER['Central_Meridian',-159.0],PARAMETER['Scale_Factor',0.9996],PARAMETER['Latitude_Of_Origin',0.0],UNIT['Meter',1.0]];-10000 -10000 100000;5.88782364500957E+171 5.85724865148592E+171;2.63683449106852E-308 5.83248570964952E+171" # 0 0 0 D:\NAD83\Reserve\Reserve.mdb\Reserve\allreserve3</Process><Process Name="Append" ToolSource="C:\Program Files\ArcGIS\ArcToolbox\Toolboxes\Data Management Tools.tbx\Append" Date="20060322" Time="144905">Append allreserve2_Layer D:\NAD83\Reserve\Reserve.mdb\Reserve\allreserve3 TEST D:\NAD83\Reserve\Reserve.mdb\Reserve\allreserve3</Process><Process Name="FeatureClassToFeatureClass_2" ToolSource="C:\Program Files\ArcGIS\ArcToolbox\Toolboxes\Conversion Tools.tbx\FeatureClassToFeatureClass" Date="20060322" Time="144905">FeatureClassToFeatureClass D:\NAD83\Reserve\Reserve.mdb\allreserve2 D:\NAD83\Reserve\Reserve.mdb\Reserve allreserve3 # "TYPE TYPE VISIBLE;NAME NAME VISIBLE;MANAGEDBY MANAGEDBY VISIBLE;PUBLIC_ PUBLIC_ VISIBLE;Acrage Acrage VISIBLE;Island Island VISIBLE;SHAPE_Length SHAPE_Length VISIBLE;SHAPE_Area SHAPE_Area VISIBLE" SAME_AS_TEMPLATE SAME_AS_TEMPLATE # 0 D:\NAD83\Reserve\Reserve.mdb\Reserve\allreserve3</Process><Process ToolSource="C:\Program Files\ArcGIS\ArcToolbox\Toolboxes\Data Management Tools.tbx\Merge" Date="20100322" Time="153827">Merge ProtectedAreasv1;TNCH_Lands_v2 C:\Sam\StatewideGIS\Projects\Ecoregional_Databases\EffectivelyConserved2010\ProtectedAreasv2.shp "TYPE 'TYPE' true true false 5 Text 0 0 ,First,#,ProtectedAreasv1,TYPE,-1,-1;NAME 'NAME' true true false 50 Text 0 0 ,First,#,ProtectedAreasv1,NAME,-1,-1;MANAGEDBY 'MANAGEDBY' true true false 50 Text 0 0 ,First,#,ProtectedAreasv1,MANAGEDBY,-1,-1;Island 'Island' true true false 10 Text 0 0 ,First,#,ProtectedAreasv1,Island,-1,-1;Notes 'Notes' true true false 100 Text 0 0 ,First,#,ProtectedAreasv1,Notes,-1,-1;TMK 'TMK' true true false 9 Long 0 9 ,First,#,TNCH_Lands_v2,TMK,-1,-1;MyName 'MyName' true true false 50 Text 0 0 ,First,#,TNCH_Lands_v2,MyName,-1,-1;MyProtMch 'MyProtMch' true true false 50 Text 0 0 ,First,#,TNCH_Lands_v2,MyProtMch,-1,-1;AREANAM2 'AREANAM2' true true false 254 Text 0 0 ,First,#,TNCH_Lands_v2,AREANAM2,-1,-1;PROTMECH 'PROTMECH' true true false 254 Text 0 0 ,First,#,TNCH_Lands_v2,PROTMECH,-1,-1"</Process><Process ToolSource="C:\Program Files\ArcGIS\ArcToolbox\Toolboxes\Data Management Tools.tbx\Append" Date="20100322" Time="161659">Append MaysMauka_Lot150 ProtectedAreasv2 NO_TEST "TYPE 'TYPE' true false false 5 Text 0 0 ,First,#;NAME 'NAME' true false false 50 Text 0 0 ,First,#,C:\Sam\StatewideGIS\Projects\Ecoregional_Databases\EffectivelyConserved2010\MaysMauka_Lot150.shp,Name,-1,-1;MANAGEDBY 'MANAGEDBY' true false false 50 Text 0 0 ,First,#;Island 'Island' true false false 10 Text 0 0 ,First,#;Notes 'Notes' true false false 100 Text 0 0 ,First,#;PROTMECH 'PROTMECH' true false false 254 Text 0 0 ,First,#,C:\Sam\StatewideGIS\Projects\Ecoregional_Databases\EffectivelyConserved2010\MaysMauka_Lot150.shp,ProtMech,-1,-1" # ProtectedAreasv2</Process><Process ToolSource="C:\Program Files\ArcGIS\ArcToolbox\Toolboxes\Data Management Tools.tbx\Append" Date="20100322" Time="163502">Append HALE_Campbell_Acquisition ProtectedAreasv2 NO_TEST "TYPE 'TYPE' true false false 5 Text 0 0 ,First,#;NAME 'NAME' true false false 50 Text 0 0 ,First,#;MANAGEDBY 'MANAGEDBY' true false false 50 Text 0 0 ,First,#;Island 'Island' true false false 10 Text 0 0 ,First,#;Notes 'Notes' true false false 100 Text 0 0 ,First,#;PROTMECH 'PROTMECH' true false false 254 Text 0 0 ,First,#" # ProtectedAreasv2</Process><Process ToolSource="C:\Program Files\ArcGIS\ArcToolbox\Toolboxes\Data Management Tools.tbx\Append" Date="20100323" Time="132025">Append PlannedReserves ProtectedAreasv2 NO_TEST "TYPE 'TYPE' true false false 5 Text 0 0 ,First,#,C:\Sam\StatewideGIS\Projects\Ecoregional_Databases\EffectivelyConserved2010\PlannedReserves.shp,TYPE,-1,-1;NAME 'NAME' true false false 50 Text 0 0 ,First,#,C:\Sam\StatewideGIS\Projects\Ecoregional_Databases\EffectivelyConserved2010\PlannedReserves.shp,NAME,-1,-1;MANAGEDBY 'MANAGEDBY' true false false 50 Text 0 0 ,First,#,C:\Sam\StatewideGIS\Projects\Ecoregional_Databases\EffectivelyConserved2010\PlannedReserves.shp,MANAGEDBY,-1,-1;Island 'Island' true false false 10 Text 0 0 ,First,#,C:\Sam\StatewideGIS\Projects\Ecoregional_Databases\EffectivelyConserved2010\PlannedReserves.shp,Island,-1,-1;Notes 'Notes' true false false 100 Text 0 0 ,First,#,C:\Sam\StatewideGIS\Projects\Ecoregional_Databases\EffectivelyConserved2010\PlannedReserves.shp,Notes,-1,-1;PROTMECH 'PROTMECH' true false false 254 Text 0 0 ,First,#;Acres 'Acres' true false false 19 Double 0 0 ,First,#" # ProtectedAreasv2</Process><Process ToolSource="C:\Program Files\ArcGIS\ArcToolbox\Toolboxes\Data Management Tools.tbx\Append" Date="20100324" Time="121712">Append NuuTMKportion;ErdmanCE;MCLT_Parcels;Legacyland_06_2008_Dissolve ProtectedAreasv2 NO_TEST "TYPE 'TYPE' true false false 5 Text 0 0 ,First,#;NAME 'NAME' true false false 50 Text 0 0 ,First,#,C:\Sam\StatewideGIS\Projects\MauiCoastalLandTrust\MCLT_Parcels\MCLT_Parcels.shp,Name,-1,-1,H:\StatewideGIS\Projects\GISLibrary\Shapefiles\Statewide\Legacy06-08\Legacyland_06_2008_Dissolve.shp,Name,-1,-1;MANAGEDBY 'MANAGEDBY' true false false 50 Text 0 0 ,First,#;Island 'Island' true false false 10 Text 0 0 ,First,#;Notes 'Notes' true false false 100 Text 0 0 ,First,#;PROTMECH 'PROTMECH' true false false 254 Text 0 0 ,First,#" # ProtectedAreasv2</Process><Process ToolSource="C:\Program Files\ArcGIS\ArcToolbox\Toolboxes\Data Management Tools.tbx\Append" Date="20100324" Time="130741">Append Legacyland_06_2008_Dissolve ProtectedAreasv2 NO_TEST "TYPE 'TYPE' true false false 5 Text 0 0 ,First,#;NAME 'NAME' true false false 50 Text 0 0 ,First,#,H:\StatewideGIS\Projects\GISLibrary\Shapefiles\Statewide\Legacy06-08\Legacyland_06_2008_Dissolve.shp,Name,-1,-1;MANAGEDBY 'MANAGEDBY' true false false 50 Text 0 0 ,First,#;Island 'Island' true false false 10 Text 0 0 ,First,#;Notes 'Notes' true false false 100 Text 0 0 ,First,#;PROTMECH 'PROTMECH' true false false 254 Text 0 0 ,First,#" # ProtectedAreasv2</Process><Process ToolSource="C:\Program Files\ArcGIS\ArcToolbox\Toolboxes\Data Management Tools.tbx\Append" Date="20100324" Time="141248">Append MoloTMK ProtectedAreasv2 NO_TEST "TYPE 'TYPE' true false false 5 Text 0 0 ,First,#;NAME 'NAME' true false false 50 Text 0 0 ,First,#,C:\Sam\StatewideGIS\Projects\Ecoregional_Databases\EffectivelyConserved2010\MoloTMK.shp,Name,-1,-1;MANAGEDBY 'MANAGEDBY' true false false 50 Text 0 0 ,First,#;Island 'Island' true false false 10 Text 0 0 ,First,#;Notes 'Notes' true false false 100 Text 0 0 ,First,#;PROTMECH 'PROTMECH' true false false 254 Text 0 0 ,First,#;Acres 'Acres' true false false 19 Double 0 0 ,First,#,C:\Sam\StatewideGIS\Projects\Ecoregional_Databases\EffectivelyConserved2010\MoloTMK.shp,ACRES,-1,-1" # ProtectedAreasv2</Process><Process ToolSource="C:\Program Files\ArcGIS\ArcToolbox\Toolboxes\Data Management Tools.tbx\Append" Date="20100324" Time="161445">Append Kahanu_Hilina;Kahnau_Garden_Boundary;Kaupulehu_TMK;Limahuli_Boundary;McBryde_Allerton_Boundary ProtectedAreasv2 NO_TEST "TYPE 'TYPE' true false false 5 Text 0 0 ,First,#;NAME 'NAME' true false false 50 Text 0 0 ,First,#,C:\Sam\StatewideGIS\Projects\Ecoregional_Databases\EffectivelyConserved2010\NTBG\Kahanu_Hilina.shp,Name,-1,-1;MANAGEDBY 'MANAGEDBY' true false false 50 Text 0 0 ,First,#;Island 'Island' true false false 10 Text 0 0 ,First,#;Notes 'Notes' true false false 100 Text 0 0 ,First,#,C:\Sam\StatewideGIS\Projects\Ecoregional_Databases\EffectivelyConserved2010\NTBG\Kahanu_Hilina.shp,Notes,-1,-1;PROTMECH 'PROTMECH' true false false 254 Text 0 0 ,First,#;Acres 'Acres' true false false 19 Double 0 0 ,First,#,C:\Sam\StatewideGIS\Projects\Ecoregional_Databases\EffectivelyConserved2010\NTBG\Limahuli_Boundary.shp,Acres,-1,-1" # ProtectedAreasv2</Process><Process ToolSource="C:\Program Files\ArcGIS\ArcToolbox\Toolboxes\Data Management Tools.tbx\Append" Date="20100324" Time="162057">Append Limahuli_Boundary ProtectedAreasv2 NO_TEST "TYPE 'TYPE' true false false 5 Text 0 0 ,First,#;NAME 'NAME' true false false 50 Text 0 0 ,First,#;MANAGEDBY 'MANAGEDBY' true false false 50 Text 0 0 ,First,#;Island 'Island' true false false 10 Text 0 0 ,First,#;Notes 'Notes' true false false 100 Text 0 0 ,First,#;PROTMECH 'PROTMECH' true false false 254 Text 0 0 ,First,#;Acres 'Acres' true false false 19 Double 0 0 ,First,#,C:\Sam\StatewideGIS\Projects\Ecoregional_Databases\EffectivelyConserved2010\NTBG\Limahuli_Boundary.shp,Acres,-1,-1" # ProtectedAreasv2</Process><Process ToolSource="C:\Program Files\ArcGIS\ArcToolbox\Toolboxes\Data Management Tools.tbx\Append" Date="20100324" Time="162152">Append Limahuli_Boundary ProtectedAreasv2 NO_TEST "TYPE 'TYPE' true false false 5 Text 0 0 ,First,#;NAME 'NAME' true false false 50 Text 0 0 ,First,#;MANAGEDBY 'MANAGEDBY' true false false 50 Text 0 0 ,First,#;Island 'Island' true false false 10 Text 0 0 ,First,#;Notes 'Notes' true false false 100 Text 0 0 ,First,#;PROTMECH 'PROTMECH' true false false 254 Text 0 0 ,First,#;Acres 'Acres' true false false 19 Double 0 0 ,First,#" # ProtectedAreasv2</Process><Process ToolSource="C:\Program Files\ArcGIS\ArcToolbox\Toolboxes\Data Management Tools.tbx\Append" Date="20100325" Time="140835">Append FromHIGAP ProtectedAreasv2 NO_TEST "TYPE 'TYPE' true false false 5 Text 0 0 ,First,#;NAME 'NAME' true false false 50 Text 0 0 ,First,#,C:\Sam\StatewideGIS\Projects\Ecoregional_Databases\EffectivelyConserved2010\FromHIGAP.shp,Name,-1,-1;MANAGEDBY 'MANAGEDBY' true false false 50 Text 0 0 ,First,#;Island 'Island' true false false 10 Text 0 0 ,First,#,C:\Sam\StatewideGIS\Projects\Ecoregional_Databases\EffectivelyConserved2010\FromHIGAP.shp,ISLAND,-1,-1;Notes 'Notes' true false false 100 Text 0 0 ,First,#;PROTMECH 'PROTMECH' true false false 254 Text 0 0 ,First,#;Acres 'Acres' true false false 19 Double 0 0 ,First,#" # ProtectedAreasv2</Process><Process ToolSource="C:\Program Files\ArcGIS\ArcToolbox\Toolboxes\Data Management Tools.tbx\Append" Date="20100325" Time="142740">Append TMK458012006;TMK451005016;SOMERS ProtectedAreasv2 NO_TEST "TYPE 'TYPE' true false false 5 Text 0 0 ,First,#;NAME 'NAME' true false false 50 Text 0 0 ,First,#;MANAGEDBY 'MANAGEDBY' true false false 50 Text 0 0 ,First,#;Island 'Island' true false false 10 Text 0 0 ,First,#;Notes 'Notes' true false false 100 Text 0 0 ,First,#;PROTMECH 'PROTMECH' true false false 254 Text 0 0 ,First,#;Acres 'Acres' true false false 19 Double 0 0 ,First,#" # ProtectedAreasv2</Process><Process ToolSource="C:\Program Files\ArcGIS\ArcToolbox\Toolboxes\Data Management Tools.tbx\Append" Date="20100325" Time="143841">Append Zones_03102010 ProtectedAreasv2 NO_TEST "TYPE 'TYPE' true false false 5 Text 0 0 ,First,#;NAME 'NAME' true false false 50 Text 0 0 ,First,#;MANAGEDBY 'MANAGEDBY' true false false 50 Text 0 0 ,First,#;Island 'Island' true false false 10 Text 0 0 ,First,#;Notes 'Notes' true false false 100 Text 0 0 ,First,#;PROTMECH 'PROTMECH' true false false 254 Text 0 0 ,First,#;Acres 'Acres' true false false 19 Double 0 0 ,First,#" # ProtectedAreasv2</Process><Process ToolSource="C:\Program Files\ArcGIS\ArcToolbox\Toolboxes\Data Management Tools.tbx\Append" Date="20100325" Time="144656">Append CarlsmithRLA ProtectedAreasv2 NO_TEST "TYPE 'TYPE' true false false 5 Text 0 0 ,First,#;NAME 'NAME' true false false 50 Text 0 0 ,First,#;MANAGEDBY 'MANAGEDBY' true false false 50 Text 0 0 ,First,#;Island 'Island' true false false 10 Text 0 0 ,First,#;Notes 'Notes' true false false 100 Text 0 0 ,First,#;PROTMECH 'PROTMECH' true false false 254 Text 0 0 ,First,#;Acres 'Acres' true false false 19 Double 0 0 ,First,#" # ProtectedAreasv2</Process><Process ToolSource="C:\Program Files\ArcGIS\ArcToolbox\Toolboxes\Data Management Tools.tbx\Append" Date="20100329" Time="113034">Append KeopukaLG ProtectedAreasv2 NO_TEST "TYPE 'TYPE' true false false 5 Text 0 0 ,First,#;NAME 'NAME' true false false 50 Text 0 0 ,First,#,C:\Sam\StatewideGIS\Projects\Ecoregional_Databases\EffectivelyConserved2010\KeopukaLG.shp,Name,-1,-1;MANAGEDBY 'MANAGEDBY' true false false 50 Text 0 0 ,First,#;Island 'Island' true false false 10 Text 0 0 ,First,#;Notes 'Notes' true false false 100 Text 0 0 ,First,#;PROTMECH 'PROTMECH' true false false 254 Text 0 0 ,First,#;Acres 'Acres' true false false 19 Double 0 0 ,First,#" # ProtectedAreasv2</Process><Process ToolSource="C:\Program Files\ArcGIS\ArcToolbox\Toolboxes\Data Management Tools.tbx\CopyFeatures" Date="20100331" Time="102319">CopyFeatures C:\Sam\StatewideGIS\Projects\Ecoregional_Databases\EffectivelyConserved2010\ProtectedAreasv2.shp C:\Sam\StatewideGIS\Projects\Ecoregional_Databases\EffectivelyConserved2010\TopoEdits.mdb\ProtectedAreasv2 # 0 0 0</Process><Process ToolSource="C:\Program Files\ArcGIS\ArcToolbox\Toolboxes\Conversion Tools.tbx\FeatureClassToFeatureClass" Date="20100331" Time="130457">FeatureClassToFeatureClass C:\Sam\StatewideGIS\Projects\Ecoregional_Databases\EffectivelyConserved2010\TopoEdits.mdb\Edits\ProtectedAreasv2 C:\Sam\StatewideGIS\Projects\Ecoregional_Databases\EffectivelyConserved2010 ProtectedAreas_20100331.shp # "TYPE 'TYPE' true true false 5 Text 0 0 ,First,#,C:\Sam\StatewideGIS\Projects\Ecoregional_Databases\EffectivelyConserved2010\TopoEdits.mdb\Edits\ProtectedAreasv2,TYPE,-1,-1;NAME 'NAME' true true false 50 Text 0 0 ,First,#,C:\Sam\StatewideGIS\Projects\Ecoregional_Databases\EffectivelyConserved2010\TopoEdits.mdb\Edits\ProtectedAreasv2,NAME,-1,-1;MANAGEDBY 'MANAGEDBY' true true false 50 Text 0 0 ,First,#,C:\Sam\StatewideGIS\Projects\Ecoregional_Databases\EffectivelyConserved2010\TopoEdits.mdb\Edits\ProtectedAreasv2,MANAGEDBY,-1,-1;Island 'Island' true true false 10 Text 0 0 ,First,#,C:\Sam\StatewideGIS\Projects\Ecoregional_Databases\EffectivelyConserved2010\TopoEdits.mdb\Edits\ProtectedAreasv2,Island,-1,-1;Notes 'Notes' true true false 100 Text 0 0 ,First,#,C:\Sam\StatewideGIS\Projects\Ecoregional_Databases\EffectivelyConserved2010\TopoEdits.mdb\Edits\ProtectedAreasv2,Notes,-1,-1;PROTMECH 'PROTMECH' true true false 254 Text 0 0 ,First,#,C:\Sam\StatewideGIS\Projects\Ecoregional_Databases\EffectivelyConserved2010\TopoEdits.mdb\Edits\ProtectedAreasv2,PROTMECH,-1,-1;Acres 'Acres' true true false 8 Double 0 0 ,First,#,C:\Sam\StatewideGIS\Projects\Ecoregional_Databases\EffectivelyConserved2010\TopoEdits.mdb\Edits\ProtectedAreasv2,Acres,-1,-1;Shape_Leng 'Shape_Length' false true true 8 Double 0 0 ,First,#,C:\Sam\StatewideGIS\Projects\Ecoregional_Databases\EffectivelyConserved2010\TopoEdits.mdb\Edits\ProtectedAreasv2,Shape_Length,-1,-1;Shape_Area 'Shape_Area' false true true 8 Double 0 0 ,First,#,C:\Sam\StatewideGIS\Projects\Ecoregional_Databases\EffectivelyConserved2010\TopoEdits.mdb\Edits\ProtectedAreasv2,Shape_Area,-1,-1" # C:\Sam\StatewideGIS\Projects\Ecoregional_Databases\EffectivelyConserved2010\ProtectedAreas_20100331.shp</Process><Process ToolSource="C:\Program Files\ArcGIS\ArcToolbox\Toolboxes\Data Management Tools.tbx\Append" Date="20100401" Time="121451">Append TNCH_Lands_v2 ProtectedAreas_20100331 NO_TEST "TYPE 'TYPE' true false false 5 Text 0 0 ,First,#;NAME 'NAME' true false false 50 Text 0 0 ,First,#;MANAGEDBY 'MANAGEDBY' true false false 50 Text 0 0 ,First,#;Island 'Island' true false false 10 Text 0 0 ,First,#;Notes 'Notes' true false false 100 Text 0 0 ,First,#;PROTMECH 'PROTMECH' true false false 254 Text 0 0 ,First,#,C:\Sam\StatewideGIS\Projects\Ecoregional_Databases\ExportData\Preserves\TNCH_Lands_v2.shp,PROTMECH,-1,-1;Shape_Leng 'Shape_Leng' true false false 19 Double 0 0 ,First,#;Shape_Area 'Shape_Area' true false false 19 Double 0 0 ,First,#;Acres 'Acres' true false false 19 Double 0 0 ,First,#" # ProtectedAreas_20100331</Process><Process ToolSource="c:\arcgis\desktop10.1\ArcToolbox\Toolboxes\Data Management Tools.tbx\Project" Date="20140115" Time="101343">Project ProtectedAreas_20100331 "Y:\PICCC_analysis\FB_analysis\habitat analysis\protected_areas_20100331.shp" GEOGCS['GCS_WGS_1984',DATUM['D_WGS_1984',SPHEROID['WGS_1984',6378137.0,298.257223563]],PRIMEM['Greenwich',0.0],UNIT['Degree',0.0174532925199433],METADATA['World',-180.0,-90.0,180.0,90.0,0.0,0.0174532925199433,0.0,1262]] NAD_1983_To_WGS_1984_1 PROJCS['NAD_1983_UTM_Zone_4N',GEOGCS['GCS_North_American_1983',DATUM['D_North_American_1983',SPHEROID['GRS_1980',6378137.0,298.257222101]],PRIMEM['Greenwich',0.0],UNIT['Degree',0.0174532925199433]],PROJECTION['Transverse_Mercator'],PARAMETER['False_Easting',500000.0],PARAMETER['False_Northing',0.0],PARAMETER['Central_Meridian',-159.0],PARAMETER['Scale_Factor',0.9996],PARAMETER['Latitude_Of_Origin',0.0],UNIT['Meter',1.0]]</Process><Process ToolSource="c:\arcgis\desktop10.1\ArcToolbox\Toolboxes\Data Management Tools.tbx\Dissolve" Date="20140115" Time="101738">Dissolve protected_areas_20100331 "Y:\PICCC_analysis\FB_analysis\habitat analysis\protected_areas_20100331_simpleWGS1984.shp" tmp # MULTI_PART DISSOLVE_LINES</Process></lineage><itemProps><itemName Sync="TRUE">protected_areas_20100331_simpleWGS1984</itemName><imsContentType Sync="TRUE">002</imsContentType><itemSize Sync="TRUE">0.000</itemSize><itemLocation><linkage Sync="TRUE">file://\\PICCC-SRVR01\DATA2$\PICCC_analysis\FB_analysis\habitat analysis\protected_areas_20100331_simpleWGS1984.shp</linkage><protocol Sync="TRUE">Local Area Network</protocol></itemLocation></itemProps><coordRef><type Sync="TRUE">Geographic</type><geogcsn Sync="TRUE">GCS_WGS_1984</geogcsn><csUnits Sync="TRUE">Angular Unit: Degree (0.017453)</csUnits><peXml Sync="TRUE">&lt;GeographicCoordinateSystem xsi:type='typens:GeographicCoordinateSystem' xmlns:xsi='http://www.w3.org/2001/XMLSchema-instance' xmlns:xs='http://www.w3.org/2001/XMLSchema' xmlns:typens='http://www.esri.com/schemas/ArcGIS/10.1'&gt;&lt;WKT&gt;GEOGCS[&amp;quot;GCS_WGS_1984&amp;quot;,DATUM[&amp;quot;D_WGS_1984&amp;quot;,SPHEROID[&amp;quot;WGS_1984&amp;quot;,6378137.0,298.257223563]],PRIMEM[&amp;quot;Greenwich&amp;quot;,0.0],UNIT[&amp;quot;Degree&amp;quot;,0.0174532925199433],METADATA[&amp;quot;World&amp;quot;,-180.0,-90.0,180.0,90.0,0.0,0.0174532925199433,0.0,1262],AUTHORITY[&amp;quot;EPSG&amp;quot;,4326]]&lt;/WKT&gt;&lt;XOrigin&gt;-400&lt;/XOrigin&gt;&lt;YOrigin&gt;-400&lt;/YOrigin&gt;&lt;XYScale&gt;11258999068426.238&lt;/XYScale&gt;&lt;ZOrigin&gt;-100000&lt;/ZOrigin&gt;&lt;ZScale&gt;10000&lt;/ZScale&gt;&lt;MOrigin&gt;-100000&lt;/MOrigin&gt;&lt;MScale&gt;10000&lt;/MScale&gt;&lt;XYTolerance&gt;8.983152841195215e-009&lt;/XYTolerance&gt;&lt;ZTolerance&gt;0.001&lt;/ZTolerance&gt;&lt;MTolerance&gt;0.001&lt;/MTolerance&gt;&lt;HighPrecision&gt;true&lt;/HighPrecision&gt;&lt;LeftLongitude&gt;-180&lt;/LeftLongitude&gt;&lt;WKID&gt;4326&lt;/WKID&gt;&lt;LatestWKID&gt;4326&lt;/LatestWKID&gt;&lt;/GeographicCoordinateSystem&gt;</peXml></coordRef></DataProperties><SyncDate>20140115</SyncDate><SyncTime>10173700</SyncTime><ModDate>20140115</ModDate><ModTime>10173700</ModTime><ArcGISFormat>1.0</ArcGISFormat></Esri><idinfo><citation><citeinfo><onlink Sync="TRUE">\\LENOVOT500\Fieldwork\HCA\Phase_II\Data\TNC_HIFO\ProtectedAreas_20100331.shp</onlink><origin>REQUIRED: The name of an organization or individual that developed the data set.</origin><pubdate>REQUIRED: The date when the data set is published or otherwise made available for release.</pubdate><title Sync="TRUE">ProtectedAreas_20100331</title><ftname Sync="TRUE">ProtectedAreas_20100331</ftname><geoform Sync="TRUE">vector digital data</geoform></citeinfo></citation><native Sync="TRUE">Microsoft Windows XP Version 5.1 (Build 2600) Service Pack 3; ESRI ArcCatalog 9.3.1.4000</native><descript><langdata Sync="TRUE">en</langdata><abstract>This data set is meant to be a comprehensive accounting of protected areas in the main Hawaiian Islands which have designations that offer permanent protection from changing land use and/or extraction.  It includes: NP, NHP, NWR, NARS, SP, P (Alakai and Freeman NAS), WS, Kahoolawe Island Reserve, some TNC Lands (fee titles and conservation easements), NTBG Lands, and conservation easement or fee title lands held by  Maui Coastal Land Trust, Kauai Public Land Trust, OHA, and Hawaii Island Land Trust.  It also includes Forest Legacy Projects that have been completed (e.g. McCandless).  Additionally, it includes Recovery Land Acquisition projects that have been completed (e.g. Carlsmith Acquisition).  Specifically excluded are: Forest Reserves, Game Management Areas, Military, State Historic Parks, Waysides and Recreation Areas.  Also excluded are state plant sanctuaries because they have no official status.  Excluded TNC Lands are: management areas (Wainiha, Kanaele, Kohala snail parcel), license areas (EMI tract), and deed restrictions (Boerner), and leases (Honouliuli), as well as the portion of Kukaiau CE were cattle ranching is permitted.</abstract><purpose>This data set was developed to help track the addition/deletion of protected areas since 2006.</purpose><supplinf>This data was created in March 2010 by Theresa Menard.  I used the State's Reserve shapefile dated 03/31/10 for some info.</supplinf></descript><timeperd><current>REQUIRED: The basis on which the time period of content information is determined.</current><timeinfo><sngdate><caldate>REQUIRED: The year (and optionally month, or month and day) for which the data set corresponds to the ground.</caldate></sngdate></timeinfo></timeperd><status><progress>REQUIRED: The state of the data set.</progress><update>REQUIRED: The frequency with which changes and additions are made to the data set after the initial data set is completed.</update></status><spdom><bounding><westbc Sync="TRUE">-160.549915</westbc><eastbc Sync="TRUE">-154.902313</eastbc><northbc Sync="TRUE">22.235664</northbc><southbc Sync="TRUE">19.001266</southbc></bounding><lboundng><leftbc Sync="TRUE">340259.791000</leftbc><rightbc Sync="TRUE">922678.085400</rightbc><bottombc Sync="TRUE">2105793.022400</bottombc><topbc Sync="TRUE">2458912.053000</topbc></lboundng></spdom><keywords><theme><themekt>REQUIRED: Reference to a formally registered thesaurus or a similar authoritative source of theme keywords.</themekt><themekey>REQUIRED: Common-use word or phrase used to describe the subject of the data set.</themekey></theme></keywords><accconst>REQUIRED: Restrictions and legal prerequisites for accessing the data set.</accconst><useconst>REQUIRED: Restrictions and legal prerequisites for using the data set after access is granted.</useconst><natvform Sync="TRUE">Shapefile</natvform></idinfo><distInfo><distributor><distorTran><onLineSrc><linkage Sync="TRUE">file://\\LENOVOT500\Fieldwork\HCA\Phase_II\Data\TNC_HIFO\ProtectedAreas_20100331.shp</linkage><protocol Sync="TRUE">Local Area Network</protocol><orDesc Sync="TRUE">002</orDesc></onLineSrc><transSize Sync="TRUE">0.734</transSize></distorTran><distorFormat><formatName Sync="TRUE">Shapefile</formatName></distorFormat></distributor><distFormat><formatName Sync="TRUE">Shapefile</formatName></distFormat><distTranOps><transSize Sync="TRUE">0.000</transSize></distTranOps></distInfo><dataqual><lineage><procstep><procdesc Sync="TRUE">Dataset copied.</procdesc><srcused Sync="TRUE">\\FW-XP-YOSHIK-LT\C$\GIS Files\NAD83\Reserve\Reserve.mdb</srcused><procdate Sync="TRUE">20091015</procdate><proctime Sync="TRUE">11444100</proctime></procstep><procstep><procdesc Sync="TRUE">Dataset copied.</procdesc><srcused Sync="TRUE"></srcused><procdate Sync="TRUE">20100322</procdate><proctime Sync="TRUE">11473500</proctime></procstep></lineage></dataqual><dataIdInfo><envirDesc Sync="TRUE">Microsoft Windows 7 Version 6.1 (Build 7601) Service Pack 1; Esri ArcGIS 10.1.0.3035</envirDesc><dataLang><languageCode Sync="TRUE" value="eng"></languageCode><countryCode value="USA" Sync="TRUE"></countryCode></dataLang><idCitation><resTitle Sync="TRUE">protected_areas_20100331_simpleWGS1984</resTitle><presForm><PresFormCd Sync="TRUE" value="005"></PresFormCd></presForm></idCitation><spatRpType><SpatRepTypCd Sync="TRUE" value="001"></SpatRepTypCd></spatRpType><dataExt><geoEle><GeoBndBox esriExtentType="native"><westBL Sync="TRUE">340259.791</westBL><eastBL Sync="TRUE">922678.0854</eastBL><northBL Sync="TRUE">2458912.053</northBL><southBL Sync="TRUE">2105793.0224</southBL><exTypeCode Sync="TRUE">1</exTypeCode></GeoBndBox></geoEle></dataExt><geoBox esriExtentType="decdegrees"><westBL Sync="TRUE">-160.549915</westBL><eastBL Sync="TRUE">-154.902313</eastBL><northBL Sync="TRUE">22.235664</northBL><southBL Sync="TRUE">19.001266</southBL><exTypeCode Sync="TRUE">1</exTypeCode></geoBox></dataIdInfo><metainfo><langmeta Sync="TRUE">en</langmeta><metstdn Sync="TRUE">FGDC Content Standards for Digital Geospatial Metadata</metstdn><metstdv Sync="TRUE">FGDC-STD-001-1998</metstdv><mettc Sync="TRUE">local time</mettc><metc><cntinfo><cntorgp><cntper>REQUIRED: The person responsible for the metadata information.</cntper><cntorg>REQUIRED: The organization responsible for the metadata information.</cntorg></cntorgp><cntaddr><addrtype>REQUIRED: The mailing and/or physical address for the organization or individual.</addrtype><city>REQUIRED: The city of the address.</city><state>REQUIRED: The state or province of the address.</state><postal>REQUIRED: The ZIP or other postal code of the address.</postal></cntaddr><cntvoice>REQUIRED: The telephone number by which individuals can speak to the organization or individual.</cntvoice></cntinfo></metc><metd Sync="TRUE">20101121</metd></metainfo><mdLang><languageCode Sync="TRUE" value="eng"></languageCode><countryCode value="USA" Sync="TRUE"></countryCode></mdLang><mdStanName Sync="TRUE">ISO 19115 Geographic Information - Metadata</mdStanName><mdStanVer Sync="TRUE">DIS_ESRI1.0</mdStanVer><mdChar><CharSetCd Sync="TRUE" value="004"></CharSetCd></mdChar><mdHrLv><ScopeCd Sync="TRUE" value="005"></ScopeCd></mdHrLv><mdHrLvName Sync="TRUE">dataset</mdHrLvName><distinfo><resdesc Sync="TRUE">Downloadable Data</resdesc><stdorder><digform><digtinfo><transize Sync="TRUE">0.734</transize><dssize Sync="TRUE">0.734</dssize></digtinfo></digform></stdorder></distinfo><spdoinfo><direct Sync="TRUE">Vector</direct><ptvctinf><esriterm Name="protected_areas_20100331_simpleWGS1984"><efeatyp Sync="TRUE">Simple</efeatyp><efeageom code="4" Sync="TRUE"></efeageom><esritopo Sync="TRUE">FALSE</esritopo><efeacnt Sync="TRUE">0</efeacnt><spindex Sync="TRUE">FALSE</spindex><linrefer Sync="TRUE">FALSE</linrefer></esriterm></ptvctinf></spdoinfo><spref><horizsys><cordsysn><geogcsn Sync="TRUE">GCS_North_American_1983</geogcsn><projcsn Sync="TRUE">NAD_1983_UTM_Zone_4N</projcsn></cordsysn><geodetic><horizdn Sync="TRUE">North American Datum of 1983</horizdn><ellips Sync="TRUE">Geodetic Reference System 80</ellips><semiaxis Sync="TRUE">6378137.000000</semiaxis><denflat Sync="TRUE">298.257222</denflat></geodetic></horizsys></spref><refSysInfo><RefSystem><refSysID><identCode Sync="TRUE" value="4326">NAD_1983_UTM_Zone_4N</identCode><idCodeSpace Sync="TRUE">EPSG</idCodeSpace><idVersion Sync="TRUE">7.9.4</idVersion></refSysID></RefSystem></refSysInfo><spatRepInfo><VectSpatRep><geometObjs Name="protected_areas_20100331_simpleWGS1984"><geoObjTyp><GeoObjTypCd value="002" Sync="TRUE"></GeoObjTypCd></geoObjTyp><geoObjCnt Sync="TRUE">0</geoObjCnt></geometObjs><topLvl><TopoLevCd value="001" Sync="TRUE"></TopoLevCd></topLvl></VectSpatRep></spatRepInfo><eainfo><detailed Name="protected_areas_20100331_simpleWGS1984"><enttyp><enttypl Sync="TRUE">protected_areas_20100331_simpleWGS1984</enttypl><enttypt Sync="TRUE">Feature Class</enttypt><enttypc Sync="TRUE">0</enttypc></enttyp><attr><attrlabl Sync="TRUE">FID</attrlabl><attalias Sync="TRUE">FID</attalias><attrtype Sync="TRUE">OID</attrtype><attwidth Sync="TRUE">4</attwidth><atprecis Sync="TRUE">0</atprecis><attscale Sync="TRUE">0</attscale><attrdef Sync="TRUE">Internal feature number.</attrdef><attrdefs Sync="TRUE">ESRI</attrdefs><attrdomv><udom Sync="TRUE">Sequential unique whole numbers that are automatically generated.</udom></attrdomv></attr><attr><attrlabl Sync="TRUE">Shape</attrlabl><attalias Sync="TRUE">Shape</attalias><attrtype Sync="TRUE">Geometry</attrtype><attwidth Sync="TRUE">0</attwidth><atprecis Sync="TRUE">0</atprecis><attscale Sync="TRUE">0</attscale><attrdef Sync="TRUE">Feature geometry.</attrdef><attrdefs Sync="TRUE">ESRI</attrdefs><attrdomv><udom Sync="TRUE">Coordinates defining the features.</udom></attrdomv></attr><attr><attrlabl Sync="TRUE">tmp</attrlabl><attalias Sync="TRUE">tmp</attalias><attrtype Sync="TRUE">SmallInteger</attrtype><attwidth Sync="TRUE">4</attwidth><atprecis Sync="TRUE">4</atprecis><attscale Sync="TRUE">0</attscale></attr></detailed></eainfo><mdDateSt Sync="TRUE">20140115</mdDateSt></metadata>
