<PAMDataset>
  <Metadata>
    <MDI key="DataType">Generic</MDI>
  </Metadata>
  <Metadata domain="Esri">
    <MDI key="PyramidResamplingType">NEAREST</MDI>
  </Metadata>
  <PAMRasterBand band="1">
    <Histograms>
      <HistItem>
        <HistMin>10.78252689430125</HistMin>
        <HistMax>24.15090131759644</HistMax>
        <BucketCount>256</BucketCount>
        <IncludeOutOfRange>1</IncludeOutOfRange>
        <Approximate>0</Approximate>
        <HistCounts>1|0|0|0|2|0|1|2|1|0|1|0|1|1|0|1|1|1|1|2|0|3|0|0|0|2|0|0|0|0|1|2|1|2|1|2|0|2|0|1|1|1|0|3|0|0|3|2|2|3|1|0|2|0|1|4|2|0|3|1|5|3|4|4|2|4|3|9|4|6|6|3|6|3|6|8|2|6|5|7|12|6|8|9|6|11|4|8|14|14|9|11|11|10|13|13|9|10|14|15|18|14|9|14|12|17|17|14|15|8|18|15|11|17|12|10|17|9|14|18|15|12|11|5|9|16|18|12|15|12|13|13|14|11|14|13|18|17|17|18|14|17|11|12|22|20|17|23|16|21|18|23|7|21|21|26|24|28|17|24|18|24|23|29|19|19|23|20|34|23|18|19|19|23|25|26|29|16|37|28|27|23|28|31|38|28|23|28|31|25|33|32|32|33|30|30|32|36|36|42|36|21|41|33|38|58|48|48|55|57|41|50|45|48|57|46|50|58|58|57|51|60|64|52|63|72|59|80|64|56|66|76|76|87|86|73|89|94|79|67|79|83|54|74|68|75|69|69|84|71|36|33|46|72|136|0</HistCounts>
      </HistItem>
    </Histograms>
    <Metadata>
      <MDI key="STATISTICS_MINIMUM">10.782526894301</MDI>
      <MDI key="STATISTICS_MAXIMUM">24.150901317596</MDI>
      <MDI key="STATISTICS_MEAN">21.047318476285</MDI>
      <MDI key="STATISTICS_STDDEV">2.6332380378295</MDI>
      <MDI key="STATISTICS_COVARIANCES">6.93394256387206</MDI>
    </Metadata>
  </PAMRasterBand>
</PAMDataset>
