<PAMDataset>
  <Metadata>
    <MDI key="DataType">Generic</MDI>
  </Metadata>
  <Metadata domain="Esri">
    <MDI key="PyramidResamplingType">NEAREST</MDI>
  </Metadata>
  <PAMRasterBand band="1">
    <Histograms>
      <HistItem>
        <HistMin>444.4038486480713</HistMin>
        <HistMax>9758.145014179554</HistMax>
        <BucketCount>256</BucketCount>
        <IncludeOutOfRange>1</IncludeOutOfRange>
        <Approximate>0</Approximate>
        <HistCounts>95|89|108|112|100|94|80|79|76|65|67|64|64|71|82|80|95|106|98|91|106|86|95|89|80|91|81|66|90|68|67|73|73|56|70|61|58|70|57|66|54|57|41|59|45|45|48|42|45|55|38|43|42|41|41|45|35|50|33|35|47|34|32|34|34|35|40|32|27|27|39|30|22|37|30|29|29|28|20|34|27|35|30|18|31|33|22|32|31|29|29|44|37|32|34|22|30|12|28|18|13|12|18|7|18|9|8|14|7|11|15|9|8|10|10|7|11|5|6|9|6|3|16|5|2|7|12|8|5|4|2|5|4|4|6|4|4|2|2|6|1|4|8|2|4|5|2|3|3|1|2|2|6|3|1|1|2|1|2|2|3|2|3|5|2|2|1|3|0|2|2|3|0|4|1|2|0|2|2|1|0|2|5|1|0|2|1|1|0|2|2|1|1|2|2|2|1|1|0|1|1|2|1|2|0|0|1|1|3|0|0|1|2|0|0|2|0|1|2|0|0|2|1|0|2|0|0|0|0|2|0|0|0|1|0|1|0|0|2|1|0|0|0|0|1|0|0|1|0|0|0|0|0|0|0|1</HistCounts>
      </HistItem>
    </Histograms>
    <Metadata>
      <MDI key="STATISTICS_MINIMUM">444.40384864807</MDI>
      <MDI key="STATISTICS_MAXIMUM">9758.1450141796</MDI>
      <MDI key="STATISTICS_MEAN">2110.3740660232</MDI>
      <MDI key="STATISTICS_STDDEV">1410.8413389173</MDI>
      <MDI key="STATISTICS_COVARIANCES">1990473.28359801</MDI>
    </Metadata>
  </PAMRasterBand>
</PAMDataset>
