<PAMDataset>
  <Metadata>
    <MDI key="DataType">Generic</MDI>
  </Metadata>
  <Metadata domain="Esri">
    <MDI key="PyramidResamplingType">NEAREST</MDI>
  </Metadata>
  <PAMRasterBand band="1">
    <Histograms>
      <HistItem>
        <HistMin>8.681390104001903</HistMin>
        <HistMax>13.13455816045733</HistMax>
        <BucketCount>256</BucketCount>
        <IncludeOutOfRange>1</IncludeOutOfRange>
        <Approximate>0</Approximate>
        <HistCounts>1|0|0|0|0|2|0|0|0|1|1|2|0|0|1|0|1|0|0|1|0|3|1|1|1|2|0|0|3|0|1|1|2|1|1|2|0|1|0|1|2|0|0|1|1|1|2|1|1|0|1|2|3|1|1|0|1|2|3|4|1|3|2|1|2|2|5|2|4|2|4|5|3|6|2|2|3|5|1|3|7|2|4|6|2|7|8|10|1|2|4|11|8|5|9|4|6|6|11|9|11|6|6|6|10|7|8|8|12|13|14|7|10|9|9|14|7|7|13|12|13|16|14|16|19|14|18|15|16|18|19|24|14|12|15|16|27|20|20|19|23|29|29|26|30|24|27|33|33|32|30|29|38|26|35|35|41|55|44|39|46|43|39|47|41|44|40|40|45|42|53|50|43|55|63|56|57|57|53|53|70|63|79|72|78|70|62|78|61|70|73|42|66|52|62|49|43|62|41|40|56|94|104|104|110|127|110|72|82|50|50|58|58|61|36|48|47|52|61|45|49|42|46|55|37|44|40|36|39|32|32|27|21|16|13|16|20|11|16|13|14|12|11|9|10|10|15|9|9|8|11|10|2|5|1|1</HistCounts>
      </HistItem>
    </Histograms>
    <Metadata>
      <MDI key="STATISTICS_MINIMUM">8.6813901040019</MDI>
      <MDI key="STATISTICS_MAXIMUM">13.134558160457</MDI>
      <MDI key="STATISTICS_MEAN">11.842589550249</MDI>
      <MDI key="STATISTICS_STDDEV">0.67520801659496</MDI>
      <MDI key="STATISTICS_COVARIANCES">0.4559058656741</MDI>
    </Metadata>
  </PAMRasterBand>
</PAMDataset>
